,actual,prediction,diff
3_ethers_9,-125.54,-96.57071058865975,28.969289411340256
4_ethers_9,-125.54,-96.57071058865975,28.969289411340256
6_ethers_9,-140.01,-140.16477990285654,0.15477990285654641
7_ethers_9,-140.01,-140.16477990285654,0.15477990285654641
12_From_Review_301,-74.0,-73.32301252557035,0.6769874744296516
13_From_Review_301,-74.0,-73.32301252557035,0.6769874744296516
14_From_Review_301,-74.0,-73.32301252557035,0.6769874744296516
0_alkanes_2,-80.73,-81.50815498131047,0.7781549813104647
2_alkanes_2,-80.73,-81.50815498131047,0.7781549813104647
3_alkanes_2,-80.73,-81.50815498131047,0.7781549813104647
5_alkanes_2,-126.06,-123.43421015805296,2.6257898419470393
6_alkanes_2,-126.06,-123.43421015805296,2.6257898419470393
8_alkanes_2,-122.65,-120.1370879115909,2.5129120884091094
9_alkanes_2,-122.65,-120.1370879115909,2.5129120884091094
11_alkanes_2,-121.88,-122.26372345516936,0.3837234551693598
12_alkanes_2,-121.88,-122.26372345516936,0.3837234551693598
14_alkanes_2,-121.88,-122.9303663446192,1.0503663446192064
15_alkanes_2,-121.88,-122.9303663446192,1.0503663446192064
17_alkanes_2,-122.65,-123.01139297795952,0.3613929779595111
18_alkanes_2,-122.65,-123.01139297795952,0.3613929779595111
20_alkanes_2,-126.06,-126.74920170598665,0.6892017059866475
21_alkanes_2,-126.06,-126.74920170598665,0.6892017059866475
23_alkanes_2,-80.73,-80.90892292710913,0.17892292710912727
24_alkanes_2,-80.73,-80.90892292710913,0.17892292710912727
25_alkanes_2,-80.73,-80.90892292710913,0.17892292710912727
0_From_Review_443,-113.0,-113.67818574098284,0.6781857409828405
2_From_Review_443,-88.0,-65.46758084165288,22.532419158347125
4_From_Review_443,-150.0,-106.52988232002701,43.47011767997299
3_From_Review_407,-186.0,-169.32545878552077,16.674541214479234
5_From_Review_407,-77.0,-81.8616595466864,4.861659546686397
6_From_Review_407,-77.0,-81.8616595466864,4.861659546686397
7_From_Review_407,-77.0,-81.8616595466864,4.861659546686397
9_From_Review_407,-77.0,-81.8616595466864,4.861659546686397
10_From_Review_407,-77.0,-81.8616595466864,4.861659546686397
11_From_Review_407,-77.0,-81.8616595466864,4.861659546686397
5_SO3H_12,-111.92,-118.4044793397544,6.484479339754401
6_SO3H_12,-111.92,-118.4044793397544,6.484479339754401
8_SO3H_12,-119.86,-122.08482194268004,2.2248219426800375
9_SO3H_12,-119.86,-122.08482194268004,2.2248219426800375
11_SO3H_12,-121.7,-118.61893752282741,3.081062477172594
12_SO3H_12,-121.7,-118.61893752282741,3.081062477172594
14_SO3H_12,-122.67,-122.88894561578768,0.2189456157876748
15_SO3H_12,-122.67,-122.88894561578768,0.2189456157876748
17_SO3H_12,-126.08,-126.74920170598665,0.6692017059866515
18_SO3H_12,-126.08,-126.74920170598665,0.6692017059866515
20_SO3H_12,-80.74,-80.90892292710913,0.16892292710913637
21_SO3H_12,-80.74,-80.90892292710913,0.16892292710913637
22_SO3H_12,-80.74,-80.90892292710913,0.16892292710913637
5_From_Review_293,-58.0,-54.9339535623996,3.0660464376003986
6_From_Review_293,-58.0,-54.9339535623996,3.0660464376003986
7_From_Review_293,-58.0,-54.9339535623996,3.0660464376003986
4_From_Review_228,-92.0,-116.70256740522203,24.702567405222027
5_From_Review_228,-92.0,-116.70256740522203,24.702567405222027
0_From_Review_214,-120.0,-138.32728034542868,18.327280345428676
2_From_Review_214,-120.0,-138.32728034542868,18.327280345428676
0_From_Review_395,-118.0,-120.2736403295119,2.273640329511906
2_From_Review_395,-118.0,-120.2736403295119,2.273640329511906
6_From_Review_395,-118.0,-117.91465498615388,0.0853450138461227
7_From_Review_395,-118.0,-117.91465498615388,0.0853450138461227
9_From_Review_395,-135.0,-128.72272257864745,6.277277421352551
10_From_Review_395,-135.0,-128.72272257864745,6.277277421352551
12_From_Review_395,-135.0,-121.31525101370184,13.68474898629816
13_From_Review_395,-135.0,-121.31525101370184,13.68474898629816
5_SO3H_21,-115.68,-117.28455726904868,1.6045572690486694
6_SO3H_21,-115.68,-117.28455726904868,1.6045572690486694
8_SO3H_21,-121.69,-121.51218424359733,0.17781575640266567
9_SO3H_21,-121.69,-121.51218424359733,0.17781575640266567
11_SO3H_21,-122.69,-121.68295194533324,1.007048054666754
12_SO3H_21,-122.69,-121.68295194533324,1.007048054666754
14_SO3H_21,-122.99,-121.66511500348,1.324884996519998
15_SO3H_21,-122.99,-121.66511500348,1.324884996519998
17_SO3H_21,-123.76,-123.01139297795952,0.7486070220404883
18_SO3H_21,-123.76,-123.01139297795952,0.7486070220404883
20_SO3H_21,-127.32,-126.74920170598665,0.5707982940133434
21_SO3H_21,-127.32,-126.74920170598665,0.5707982940133434
23_SO3H_21,-82.41,-80.90892292710913,1.5010770728908653
24_SO3H_21,-82.41,-80.90892292710913,1.5010770728908653
25_SO3H_21,-82.41,-80.90892292710913,1.5010770728908653
0_From_Review_427,-80.3,-75.63347094064046,4.666529059359533
2_From_Review_427,-80.3,-75.63347094064046,4.666529059359533
3_From_Review_427,-80.3,-75.63347094064046,4.666529059359533
5_From_Review_427,-108.7,-125.48129956160781,16.78129956160781
6_From_Review_427,-108.7,-125.48129956160781,16.78129956160781
8_From_Review_427,-184.4,-171.11411913394159,13.28588086605842
10_From_Review_427,-71.0,-76.38273383975948,5.3827338397594815
11_From_Review_427,-71.0,-76.38273383975948,5.3827338397594815
12_From_Review_427,-71.0,-76.38273383975948,5.3827338397594815
14_From_Review_427,-108.7,-120.76931421686913,12.069314216869131
15_From_Review_427,-108.7,-120.76931421686913,12.069314216869131
17_From_Review_427,-80.3,-78.7343521806427,1.5656478193572951
18_From_Review_427,-80.3,-78.7343521806427,1.5656478193572951
19_From_Review_427,-80.3,-78.7343521806427,1.5656478193572951
6_From_Review_338,-75.0,-80.87474019017576,5.874740190175757
7_From_Review_338,-75.0,-80.87474019017576,5.874740190175757
8_From_Review_338,-75.0,-80.87474019017576,5.874740190175757
10_From_Review_350,-70.0,-70.47833448229935,0.4783344822993456
11_From_Review_350,-70.0,-70.47833448229935,0.4783344822993456
12_From_Review_350,-70.0,-70.47833448229935,0.4783344822993456
0_From_Review_213,-39.0,-56.34919645625158,17.349196456251583
2_From_Review_213,-39.0,-56.34919645625158,17.349196456251583
4_From_Review_389,-92.1,-96.08260592655753,3.9826059265575395
5_From_Review_389,-92.1,-96.08260592655753,3.9826059265575395
7_From_Review_389,-84.7,-83.15643733250879,1.5435626674912157
8_From_Review_389,-84.7,-83.15643733250879,1.5435626674912157
9_From_Review_389,-84.7,-83.15643733250879,1.5435626674912157
4_ether_11,-122.7,-122.21960516668462,0.4803948333153869
5_ether_11,-122.7,-122.21960516668462,0.4803948333153869
7_ether_11,-90.0,-94.1224103000286,4.122410300028605
8_ether_11,-90.0,-94.1224103000286,4.122410300028605
11_ether_11,-57.0,-50.80895705244946,6.191042947550542
12_ether_11,-57.0,-50.80895705244946,6.191042947550542
13_ether_11,-57.0,-50.80895705244946,6.191042947550542
4_From_Review_330,-75.0,-75.883301231909,0.8833012319090017
5_From_Review_330,-75.0,-75.883301231909,0.8833012319090017
6_From_Review_330,-75.0,-75.883301231909,0.8833012319090017
0_From_Review_441,-119.0,-125.10494588484865,6.104945884848647
2_From_Review_441,-101.0,-101.73343654627544,0.733436546275442
4_From_Review_441,-143.0,-132.202981992616,10.797018007383997
4_COOH_5,-119.14,-119.2997257187689,0.15972571876889674
5_COOH_5,-119.14,-119.2997257187689,0.15972571876889674
7_COOH_5,-122.01,-122.2385367647171,0.2285367647170915
8_COOH_5,-122.01,-122.2385367647171,0.2285367647170915
10_COOH_5,-122.99,-121.93864839339699,1.0513516066030064
11_COOH_5,-122.99,-121.93864839339699,1.0513516066030064
13_COOH_5,-122.99,-123.12753246875292,0.1375324687529229
14_COOH_5,-122.99,-123.12753246875292,0.1375324687529229
16_COOH_5,-126.29,-126.74920170598665,0.45920170598664356
17_COOH_5,-126.29,-126.74920170598665,0.45920170598664356
19_COOH_5,-80.96,-80.90892292710913,0.051077072890862496
20_COOH_5,-80.96,-80.90892292710913,0.051077072890862496
21_COOH_5,-80.96,-80.90892292710913,0.051077072890862496
6_ethers_10,-91.37,-94.54434709431521,3.174347094315209
7_ethers_10,-91.37,-94.54434709431521,3.174347094315209
9_ethers_10,-136.6,-140.63099494158303,4.030994941583032
10_ethers_10,-136.6,-140.63099494158303,4.030994941583032
3_From_Review_388,-92.3,-104.93880554922414,12.638805549224145
4_From_Review_388,-92.3,-104.93880554922414,12.638805549224145
6_From_Review_388,-86.0,-83.73376305065263,2.2662369493473733
7_From_Review_388,-86.0,-83.73376305065263,2.2662369493473733
8_From_Review_388,-86.0,-83.73376305065263,2.2662369493473733
5_From_Review_340,-76.0,-81.50827220200074,5.5082722020007395
6_From_Review_340,-76.0,-81.50827220200074,5.5082722020007395
7_From_Review_340,-76.0,-81.50827220200074,5.5082722020007395
8_From_Review_336,-84.0,-75.5303986504738,8.4696013495262
9_From_Review_336,-84.0,-75.5303986504738,8.4696013495262
10_From_Review_336,-84.0,-75.5303986504738,8.4696013495262
0_aromatics_17,-138.56,-131.66346043876922,6.896539561230782
4_aromatics_17,-138.56,-135.33121942731478,3.228780572685224
6_aromatics_17,-162.05,-159.35645926049875,2.693540739501259
8_aromatics_17,-153.68,-156.56515755033107,2.8851575503310585
10_aromatics_17,-162.05,-158.35775702410254,3.6922429758974715
0_From_Review_278,-5.1,-6.232955987958647,1.1329559879586473
2_From_Review_278,-5.1,-6.232955987958647,1.1329559879586473
3_From_Review_278,-5.1,-6.232955987958647,1.1329559879586473
5_From_Review_266,-174.8,-168.70728827935346,6.092711720646548
7_From_Review_266,-106.7,-103.61642504055746,3.0835749594425437
8_From_Review_266,-125.8,-119.44149795807613,6.35850204192387
5_aromatics_2,-63.52,-59.62330202739452,3.8966979726054802
6_aromatics_2,-63.52,-59.62330202739452,3.8966979726054802
7_aromatics_2,-63.52,-59.62330202739452,3.8966979726054802
11_aromatics_2,-63.52,-60.90550250743116,2.6144974925688445
12_aromatics_2,-63.52,-60.90550250743116,2.6144974925688445
13_aromatics_2,-63.52,-60.90550250743116,2.6144974925688445
4_From_Review_351,-65.0,-74.52916650888973,9.52916650888973
5_From_Review_351,-65.0,-74.52916650888973,9.52916650888973
6_From_Review_351,-65.0,-74.52916650888973,9.52916650888973
4_From_Review_378,-55.5,-54.8889781619198,0.6110218380801982
5_From_Review_378,-55.5,-54.8889781619198,0.6110218380801982
6_From_Review_378,-55.5,-54.8889781619198,0.6110218380801982
9_From_Review_378,-53.5,-53.03377544851537,0.46622455148462905
10_From_Review_378,-53.5,-53.03377544851537,0.46622455148462905
11_From_Review_378,-53.5,-53.03377544851537,0.46622455148462905
14_From_Review_378,-52.4,-53.94201122465948,1.5420112246594826
15_From_Review_378,-52.4,-53.94201122465948,1.5420112246594826
19_From_Review_378,-53.5,-53.94201122465948,0.44201122465948117
20_From_Review_378,-53.5,-53.94201122465948,0.44201122465948117
21_From_Review_378,-53.5,-53.94201122465948,0.44201122465948117
24_From_Review_378,-55.5,-58.98742132885193,3.48742132885193
25_From_Review_378,-55.5,-58.98742132885193,3.48742132885193
26_From_Review_378,-55.5,-58.98742132885193,3.48742132885193
0_From_Review_383,-138.0,-158.68850920989703,20.688509209897035
2_From_Review_383,-138.0,-158.68850920989703,20.688509209897035
4_From_Review_383,-94.0,-97.68950946490624,3.689509464906237
5_From_Review_383,-94.0,-97.68950946490624,3.689509464906237
9_From_Review_383,-76.0,-73.66268842014009,2.3373115798599144
10_From_Review_383,-76.0,-73.66268842014009,2.3373115798599144
11_From_Review_383,-76.0,-73.66268842014009,2.3373115798599144
6_From_Review_328,-76.0,-74.57858647208683,1.4214135279131739
7_From_Review_328,-76.0,-74.57858647208683,1.4214135279131739
8_From_Review_328,-76.0,-74.57858647208683,1.4214135279131739
0_From_Review_10,-33.0,-28.73844581556071,4.261554184439291
2_From_Review_10,-33.0,-28.73844581556071,4.261554184439291
3_From_Review_10,-33.0,-28.73844581556071,4.261554184439291
3_From_Review_315,-72.0,-69.55335934440149,2.4466406555985145
4_From_Review_315,-72.0,-69.55335934440149,2.4466406555985145
5_From_Review_315,-72.0,-69.55335934440149,2.4466406555985145
6_From_Review_239,-98.0,-97.26548011271436,0.7345198872856429
7_From_Review_239,-98.0,-97.26548011271436,0.7345198872856429
0_From_Review_7,-115.0,-122.13831220831602,7.138312208316023
2_From_Review_7,-115.0,-122.13831220831602,7.138312208316023
0_From_Review_355,-60.6,-54.294665525618264,6.305334474381738
2_From_Review_355,-60.6,-54.294665525618264,6.305334474381738
3_From_Review_355,-60.6,-54.294665525618264,6.305334474381738
7_From_Review_355,-60.6,-69.45644965572585,8.856449655725847
8_From_Review_355,-60.6,-69.45644965572585,8.856449655725847
9_From_Review_355,-60.6,-69.45644965572585,8.856449655725847
5_COOH_14,-112.18,-110.8743497628159,1.3056502371841106
6_COOH_14,-112.18,-110.8743497628159,1.3056502371841106
8_COOH_14,-121.95,-122.49132657763934,0.5413265776393388
9_COOH_14,-121.95,-122.49132657763934,0.5413265776393388
11_COOH_14,-122.97,-122.84083867320997,0.129161326790026
12_COOH_14,-122.97,-122.84083867320997,0.129161326790026
14_COOH_14,-123.17,-122.69014006684904,0.4798599331509621
15_COOH_14,-123.17,-122.69014006684904,0.4798599331509621
17_COOH_14,-126.27,-126.74920170598665,0.4792017059866538
18_COOH_14,-126.27,-126.74920170598665,0.4792017059866538
20_COOH_14,-80.97,-80.90892292710913,0.06107707289086761
21_COOH_14,-80.97,-80.90892292710913,0.06107707289086761
22_COOH_14,-80.97,-80.90892292710913,0.06107707289086761
8_From_Review_227,-93.0,-111.15495352117648,18.15495352117648
9_From_Review_227,-93.0,-111.15495352117648,18.15495352117648
5_From_Review_305,-66.0,-67.78648395136722,1.7864839513672166
6_From_Review_305,-66.0,-67.78648395136722,1.7864839513672166
7_From_Review_305,-66.0,-67.78648395136722,1.7864839513672166
0_From_Review_156,-174.0,-172.38703342358525,1.612966576414749
3_From_Review_156,-130.0,-116.22050212202734,13.77949787797266
4_COOH_7,-119.15,-119.2997257187689,0.14972571876889162
5_COOH_7,-119.15,-119.2997257187689,0.14972571876889162
7_COOH_7,-121.81,-122.2385367647171,0.42853676471709434
8_COOH_7,-121.81,-122.2385367647171,0.42853676471709434
10_COOH_7,-122.04,-121.93864839339699,0.10135160660301779
11_COOH_7,-122.04,-121.93864839339699,0.10135160660301779
13_COOH_7,-122.04,-123.04650583541262,1.0065058354126108
14_COOH_7,-122.04,-123.04650583541262,1.0065058354126108
16_COOH_7,-122.85,-122.9303663446192,0.08036634461920755
17_COOH_7,-122.85,-122.9303663446192,0.08036634461920755
19_COOH_7,-122.98,-123.01139297795952,0.03139297795951279
20_COOH_7,-122.98,-123.01139297795952,0.03139297795951279
22_COOH_7,-126.26,-126.74920170598665,0.4892017059866447
23_COOH_7,-126.26,-126.74920170598665,0.4892017059866447
25_COOH_7,-80.95,-80.90892292710913,0.04107707289087159
26_COOH_7,-80.95,-80.90892292710913,0.04107707289087159
27_COOH_7,-80.95,-80.90892292710913,0.04107707289087159
0_From_Review_12,-68.0,-69.82958343827235,1.8295834382723513
2_From_Review_12,-68.0,-69.82958343827235,1.8295834382723513
0_From_Review_290,-61.0,-62.5014793015814,1.5014793015813979
2_From_Review_290,-61.0,-62.5014793015814,1.5014793015813979
3_From_Review_290,-61.0,-62.5014793015814,1.5014793015813979
6_From_Review_290,-61.0,-64.274085693204,3.2740856932040003
7_From_Review_290,-61.0,-64.274085693204,3.2740856932040003
8_From_Review_290,-61.0,-64.274085693204,3.2740856932040003
7_From_Review_343,-59.0,-66.63018172635125,7.630181726351253
8_From_Review_343,-59.0,-66.63018172635125,7.630181726351253
9_From_Review_343,-59.0,-66.63018172635125,7.630181726351253
5_COOH_13,-112.44,-103.47128586245158,8.968714137548417
6_COOH_13,-112.44,-103.47128586245158,8.968714137548417
8_COOH_13,-124.14,-125.58706187311344,1.4470618731134408
9_COOH_13,-124.14,-125.58706187311344,1.4470618731134408
11_COOH_13,-126.12,-125.43584342226973,0.6841565777302776
12_COOH_13,-126.12,-125.43584342226973,0.6841565777302776
14_COOH_13,-81.23,-80.58767001599867,0.6423299840013357
15_COOH_13,-81.23,-80.58767001599867,0.6423299840013357
16_COOH_13,-81.23,-80.58767001599867,0.6423299840013357
5_COOH_17,-109.08,-151.70087354522326,42.62087354522326
7_COOH_17,-118.89,-121.0785776200061,2.1885776200061002
8_COOH_17,-118.89,-121.0785776200061,2.1885776200061002
10_COOH_17,-122.91,-123.3104944777779,0.4004944777778974
11_COOH_17,-122.91,-123.3104944777779,0.4004944777778974
13_COOH_17,-123.05,-121.589546867951,1.4604531320489968
14_COOH_17,-123.05,-121.589546867951,1.4604531320489968
16_COOH_17,-126.33,-126.86534119678007,0.5353411967800668
17_COOH_17,-126.33,-126.86534119678007,0.5353411967800668
19_COOH_17,-80.96,-80.90892292710913,0.051077072890862496
20_COOH_17,-80.96,-80.90892292710913,0.051077072890862496
21_COOH_17,-80.96,-80.90892292710913,0.051077072890862496
9_SO3H_16,-111.8,-115.83474037351381,4.034740373513813
10_SO3H_16,-111.8,-115.83474037351381,4.034740373513813
12_SO3H_16,-120.55,-121.8915382789008,1.3415382789007992
13_SO3H_16,-120.55,-121.8915382789008,1.3415382789007992
15_SO3H_16,-121.66,-118.94019043393789,2.7198095660621107
16_SO3H_16,-121.66,-118.94019043393789,2.7198095660621107
18_SO3H_16,-121.82,-121.66511500348,0.15488499651999632
19_SO3H_16,-121.82,-121.66511500348,0.15488499651999632
21_SO3H_16,-121.99,-122.9303663446192,0.940366344619207
22_SO3H_16,-121.99,-122.9303663446192,0.940366344619207
24_SO3H_16,-122.79,-123.01139297795952,0.22139297795951052
25_SO3H_16,-122.79,-123.01139297795952,0.22139297795951052
27_SO3H_16,-126.22,-126.74920170598665,0.529201705986651
28_SO3H_16,-126.22,-126.74920170598665,0.529201705986651
30_SO3H_16,-80.91,-80.90892292710913,0.0010770728908653382
31_SO3H_16,-80.91,-80.90892292710913,0.0010770728908653382
32_SO3H_16,-80.91,-80.90892292710913,0.0010770728908653382
8_From_Review_424,-123.0,-122.8557571179513,0.14424288204870095
9_From_Review_424,-123.0,-122.8557571179513,0.14424288204870095
3_ethers_0,-88.39,-97.63764830270972,9.24764830270972
4_ethers_0,-88.39,-97.63764830270972,9.24764830270972
6_ethers_0,-126.22,-125.56878797550935,0.651212024490647
7_ethers_0,-126.22,-125.56878797550935,0.651212024490647
9_ethers_0,-126.62,-123.8734026006723,2.7465973993276975
10_ethers_0,-126.62,-123.8734026006723,2.7465973993276975
12_ethers_0,-81.07,-80.4480057949176,0.6219942050823875
13_ethers_0,-81.07,-80.4480057949176,0.6219942050823875
14_ethers_0,-81.07,-80.4480057949176,0.6219942050823875
9_From_Review_211,-49.0,-69.2406917680718,20.240691768071798
10_From_Review_211,-49.0,-69.2406917680718,20.240691768071798
9_From_Review_246,-54.0,-48.676366891504564,5.323633108495436
10_From_Review_246,-54.0,-48.676366891504564,5.323633108495436
4_ether_13,-128.7,-130.81555577004391,2.115555770043926
7_ether_13,-82.8,-95.82839052532229,13.028390525322294
8_ether_13,-87.6,-95.82839052532229,8.228390525322297
10_ether_13,-131.7,-131.6801036269175,0.019896373082502805
11_ether_13,-131.7,-131.6801036269175,0.019896373082502805
13_ether_13,-83.1,-78.57546660977593,4.5245333902240645
14_ether_13,-83.1,-78.57546660977593,4.5245333902240645
15_ether_13,-83.1,-78.57546660977593,4.5245333902240645
17_ether_13,-84.3,-79.07885341549918,5.221146584500815
18_ether_13,-84.3,-79.07885341549918,5.221146584500815
19_ether_13,-84.3,-79.07885341549918,5.221146584500815
3_alcohols_6,-126.69,-121.11276864962029,5.577231350379705
4_alcohols_6,-126.69,-121.11276864962029,5.577231350379705
6_alcohols_6,-84.19,-84.17721885390249,0.012781146097509577
7_alcohols_6,-84.19,-84.17721885390249,0.012781146097509577
8_alcohols_6,-84.19,-84.17721885390249,0.012781146097509577
0_From_Review_282,-69.3,-73.90042577756148,4.600425777561483
2_From_Review_282,-69.3,-73.90042577756148,4.600425777561483
3_From_Review_282,-69.3,-73.90042577756148,4.600425777561483
4_ether_18,-79.6,-83.50534063707913,3.905340637079135
5_ether_18,-79.6,-83.50534063707913,3.905340637079135
8_ether_18,-90.6,-94.86276097521794,4.262760975217944
9_ether_18,-90.6,-94.86276097521794,4.262760975217944
11_ether_18,-90.6,-92.52220539590769,1.922205395907696
12_ether_18,-90.6,-92.52220539590769,1.922205395907696
15_ether_18,-90.8,-95.39356179424864,4.593561794248643
16_ether_18,-90.8,-95.39356179424864,4.593561794248643
18_ether_18,-90.8,-92.40606590511427,1.6060659051142778
19_ether_18,-90.8,-92.40606590511427,1.6060659051142778
22_ether_18,-85.4,-97.30993147851174,11.909931478511737
23_ether_18,-85.4,-97.30993147851174,11.909931478511737
25_ether_18,-128.4,-127.72266291886777,0.6773370811322366
26_ether_18,-128.4,-127.72266291886777,0.6773370811322366
28_ether_18,-128.5,-125.5791125796457,2.9208874203543047
29_ether_18,-128.5,-125.5791125796457,2.9208874203543047
31_ether_18,-82.9,-80.4480057949176,2.4519942050824
32_ether_18,-82.9,-80.4480057949176,2.4519942050824
33_ether_18,-82.9,-80.4480057949176,2.4519942050824
7_From_Review_256,-96.0,-95.21405631198891,0.7859436880110877
8_From_Review_256,-96.0,-95.21405631198891,0.7859436880110877
3_aromatics_18,-163.05,-165.87050336325308,2.820503363253067
5_aromatics_18,-165.02,-155.448262959452,9.571737040548015
7_aromatics_18,-169.87,-167.80135959456555,2.0686404054344507
9_aromatics_18,-165.02,-164.17992574762116,0.8400742523788551
11_aromatics_18,-163.5,-165.09377600808435,1.5937760080843475
0_From_Review_11,-21.0,-24.51080835967329,3.510808359673291
2_From_Review_11,-21.0,-24.51080835967329,3.510808359673291
3_From_Review_11,-21.0,-24.51080835967329,3.510808359673291
3_From_Review_412,-116.0,-109.74864240207795,6.251357597922052
4_From_Review_412,-116.0,-109.74864240207795,6.251357597922052
6_From_Review_412,-123.0,-127.08444421146682,4.084444211466817
7_From_Review_412,-123.0,-127.08444421146682,4.084444211466817
9_From_Review_412,-125.0,-125.38285842216563,0.3828584221656257
10_From_Review_412,-125.0,-125.38285842216563,0.3828584221656257
12_From_Review_412,-81.0,-80.58767001599867,0.4123299840013317
13_From_Review_412,-81.0,-80.58767001599867,0.4123299840013317
14_From_Review_412,-81.0,-80.58767001599867,0.4123299840013317
5_From_Review_322,-68.0,-72.12367855670193,4.1236785567019325
6_From_Review_322,-68.0,-72.12367855670193,4.1236785567019325
7_From_Review_322,-68.0,-72.12367855670193,4.1236785567019325
6_From_Review_288,-63.0,-68.07177790926454,5.07177790926454
7_From_Review_288,-63.0,-68.07177790926454,5.07177790926454
8_From_Review_288,-63.0,-68.07177790926454,5.07177790926454
6_From_Review_205,-102.2,-110.53907500429126,8.33907500429126
7_From_Review_205,-102.2,-110.53907500429126,8.33907500429126
10_From_Review_311,-78.0,-65.66158596423415,12.338414035765851
11_From_Review_311,-78.0,-65.66158596423415,12.338414035765851
12_From_Review_311,-78.0,-65.66158596423415,12.338414035765851
10_aromatics_10,-59.38,-59.8201689460248,0.44016894602479795
11_aromatics_10,-59.38,-59.8201689460248,0.44016894602479795
12_aromatics_10,-59.38,-59.8201689460248,0.44016894602479795
4_ether_16,-79.7,-83.50534063707913,3.8053406370791265
5_ether_16,-79.7,-83.50534063707913,3.8053406370791265
8_ether_16,-90.5,-94.86276097521794,4.362760975217938
9_ether_16,-90.5,-94.86276097521794,4.362760975217938
11_ether_16,-90.5,-92.52220539590769,2.02220539590769
12_ether_16,-90.5,-92.52220539590769,2.02220539590769
15_ether_16,-85.4,-97.30993147851174,11.909931478511737
16_ether_16,-85.4,-97.30993147851174,11.909931478511737
18_ether_16,-128.3,-127.72266291886777,0.5773370811322422
19_ether_16,-128.3,-127.72266291886777,0.5773370811322422
21_ether_16,-128.4,-125.5791125796457,2.8208874203543104
22_ether_16,-128.4,-125.5791125796457,2.8208874203543104
24_ether_16,-82.9,-80.4480057949176,2.4519942050824
25_ether_16,-82.9,-80.4480057949176,2.4519942050824
26_ether_16,-82.9,-80.4480057949176,2.4519942050824
11_other_14,-114.0,-118.56384394714532,4.563843947145315
12_other_14,-114.0,-118.56384394714532,4.563843947145315
14_other_14,-121.29,-122.05216473445604,0.7621647344560358
15_other_14,-121.29,-122.05216473445604,0.7621647344560358
17_other_14,-122.58,-118.94019043393789,3.6398095660621124
18_other_14,-122.58,-118.94019043393789,3.6398095660621124
20_other_14,-122.73,-121.66511500348,1.0648849965200071
21_other_14,-122.73,-121.66511500348,1.0648849965200071
23_other_14,-122.89,-122.9303663446192,0.0403663446192013
24_other_14,-122.89,-122.9303663446192,0.0403663446192013
26_other_14,-123.71,-123.01139297795952,0.698607022040477
27_other_14,-123.71,-123.01139297795952,0.698607022040477
29_other_14,-127.26,-126.74920170598665,0.5107982940133553
30_other_14,-127.26,-126.74920170598665,0.5107982940133553
32_other_14,-82.37,-80.90892292710913,1.4610770728908733
33_other_14,-82.37,-80.90892292710913,1.4610770728908733
34_other_14,-82.37,-80.90892292710913,1.4610770728908733
7_From_Review_233,-107.5,-100.61958336574314,6.880416634256861
8_From_Review_233,-107.5,-100.61958336574314,6.880416634256861
4_From_Review_304,-65.0,-66.05212153941403,1.0521215394140313
5_From_Review_304,-65.0,-66.05212153941403,1.0521215394140313
6_From_Review_304,-65.0,-66.05212153941403,1.0521215394140313
6_aromatics_3,-63.42,-59.78392848294976,3.6360715170502402
7_aromatics_3,-63.42,-59.78392848294976,3.6360715170502402
8_aromatics_3,-63.42,-59.78392848294976,3.6360715170502402
12_aromatics_3,-63.42,-59.59180338037096,3.82819661962904
13_aromatics_3,-63.42,-59.59180338037096,3.82819661962904
14_aromatics_3,-63.42,-59.59180338037096,3.82819661962904
5_From_Review_357,-66.0,-67.12392076985071,1.123920769850713
6_From_Review_357,-66.0,-67.12392076985071,1.123920769850713
7_From_Review_357,-66.0,-67.12392076985071,1.123920769850713
0_ethers_1,-87.11,-111.77202096088578,24.662020960885783
2_ethers_1,-87.11,-111.77202096088578,24.662020960885783
7_ethers_1,-80.26,-75.79687191091153,4.463128089088471
8_ethers_1,-80.26,-75.79687191091153,4.463128089088471
9_ethers_1,-80.26,-75.79687191091153,4.463128089088471
0_From_Review_289,-62.0,-63.65739074777545,1.6573907477754517
2_From_Review_289,-62.0,-63.65739074777545,1.6573907477754517
3_From_Review_289,-62.0,-63.65739074777545,1.6573907477754517
5_From_Review_274,-81.0,-85.44795541326991,4.447955413269909
6_From_Review_274,-81.0,-85.44795541326991,4.447955413269909
7_From_Review_274,-81.0,-85.44795541326991,4.447955413269909
3_olefins_1,-114.2,-107.19105904072784,7.0089409592721665
4_olefins_1,-114.2,-107.19105904072784,7.0089409592721665
6_olefins_1,-124.63,-124.45481101354987,0.1751889864501237
7_olefins_1,-124.63,-124.45481101354987,0.1751889864501237
9_olefins_1,-125.9,-124.38509880436891,1.5149011956310972
10_olefins_1,-125.9,-124.38509880436891,1.5149011956310972
12_olefins_1,-81.28,-80.86443596234732,0.4155640376526861
13_olefins_1,-81.28,-80.86443596234732,0.4155640376526861
14_olefins_1,-81.28,-80.86443596234732,0.4155640376526861
7_From_Review_400,-88.0,-80.9919794419257,7.008020558074307
8_From_Review_400,-88.0,-80.9919794419257,7.008020558074307
10_From_Review_400,-123.0,-126.74041029073581,3.7404102907358094
11_From_Review_400,-123.0,-126.74041029073581,3.7404102907358094
13_From_Review_400,-80.0,-79.3806286902199,0.6193713097801066
14_From_Review_400,-80.0,-79.3806286902199,0.6193713097801066
15_From_Review_400,-80.0,-79.3806286902199,0.6193713097801066
6_other_9,-116.73,-110.16493454202688,6.56506545797312
7_other_9,-116.73,-110.16493454202688,6.56506545797312
9_other_9,-122.0,-124.32237419202282,2.3223741920228207
10_other_9,-122.0,-124.32237419202282,2.3223741920228207
12_other_9,-122.94,-122.4034462713061,0.536553728693903
13_other_9,-122.94,-122.4034462713061,0.536553728693903
15_other_9,-123.53,-122.69014006684904,0.8398599331509615
16_other_9,-123.53,-122.69014006684904,0.8398599331509615
18_other_9,-126.27,-126.74920170598665,0.4792017059866538
19_other_9,-126.27,-126.74920170598665,0.4792017059866538
21_other_9,-81.04,-80.90892292710913,0.131077072890875
22_other_9,-81.04,-80.90892292710913,0.131077072890875
23_other_9,-81.04,-80.90892292710913,0.131077072890875
0_From_Review_354,-66.4,-62.26173674081436,4.138263259185649
2_From_Review_354,-66.4,-62.26173674081436,4.138263259185649
3_From_Review_354,-66.4,-62.26173674081436,4.138263259185649
7_From_Review_354,-66.4,-68.3972235581654,1.9972235581653877
8_From_Review_354,-66.4,-68.3972235581654,1.9972235581653877
9_From_Review_354,-66.4,-68.3972235581654,1.9972235581653877
6_From_Review_420,-114.2,-112.25375135595213,1.94624864404787
7_From_Review_420,-114.2,-112.25375135595213,1.94624864404787
9_From_Review_420,-123.4,-124.85561550898487,1.455615508984863
10_From_Review_420,-123.4,-124.85561550898487,1.455615508984863
12_From_Review_420,-122.3,-122.22155889466858,0.07844110533142157
13_From_Review_420,-122.3,-122.22155889466858,0.07844110533142157
15_From_Review_420,-126.0,-126.9729826522312,0.9729826522311953
18_From_Review_420,-80.9,-80.90892292710913,0.008922927109125567
19_From_Review_420,-80.9,-80.90892292710913,0.008922927109125567
20_From_Review_420,-80.9,-80.90892292710913,0.008922927109125567
5_From_Review_385,-130.0,-119.79626043423536,10.203739565764636
6_From_Review_385,-130.0,-119.79626043423536,10.203739565764636
8_From_Review_385,-136.0,-137.63480050901418,1.634800509014184
9_From_Review_385,-136.0,-137.63480050901418,1.634800509014184
0_From_Review_446,-104.0,-104.84296936613516,0.8429693661351649
2_From_Review_446,-85.0,-111.12620193051892,26.126201930518917
4_From_Review_446,-155.0,-145.20535662730114,9.794643372698857
7_From_Review_446,-46.0,-43.13128826179564,2.868711738204361
8_From_Review_446,-46.0,-43.13128826179564,2.868711738204361
9_From_Review_446,-46.0,-43.13128826179564,2.868711738204361
5_SO3H_17,-80.16,-83.22785090687745,3.067850906877453
6_SO3H_17,-80.16,-83.22785090687745,3.067850906877453
7_SO3H_17,-80.16,-83.22785090687745,3.067850906877453
0_ethers_4,-86.4,-121.64461477952653,35.24461477952653
2_ethers_4,-86.4,-121.64461477952653,35.24461477952653
6_ethers_4,-125.18,-111.53501356896098,13.64498643103903
7_ethers_4,-125.18,-111.53501356896098,13.64498643103903
9_ethers_4,-138.96,-139.37312164394405,0.41312164394403794
10_ethers_4,-138.96,-139.37312164394405,0.41312164394403794
5_From_Review_321,-66.0,-69.68150413120082,3.6815041312008248
6_From_Review_321,-66.0,-69.68150413120082,3.6815041312008248
7_From_Review_321,-66.0,-69.68150413120082,3.6815041312008248
0_From_Review_415,-81.0,-79.38001314311693,1.6199868568830738
2_From_Review_415,-81.0,-79.38001314311693,1.6199868568830738
3_From_Review_415,-81.0,-79.38001314311693,1.6199868568830738
5_From_Review_415,-126.0,-123.32927840126831,2.6707215987316886
6_From_Review_415,-126.0,-123.32927840126831,2.6707215987316886
8_From_Review_415,-123.0,-123.04746325956711,0.04746325956710962
9_From_Review_415,-123.0,-123.04746325956711,0.04746325956710962
11_From_Review_415,-111.0,-117.75363824699069,6.75363824699069
12_From_Review_415,-111.0,-117.75363824699069,6.75363824699069
0_From_Review_263,-134.0,-130.37330320273088,3.626696797269119
2_From_Review_263,-134.0,-130.37330320273088,3.626696797269119
4_From_Review_263,-134.0,-120.98404615721935,13.015953842780647
5_From_Review_263,-134.0,-120.98404615721935,13.015953842780647
4_From_Review_360,-60.0,-64.43419912237098,4.434199122370984
5_From_Review_360,-60.0,-64.43419912237098,4.434199122370984
6_From_Review_360,-60.0,-64.43419912237098,4.434199122370984
4_From_Review_393,-115.0,-110.64145271067517,4.358547289324832
5_From_Review_393,-115.0,-110.64145271067517,4.358547289324832
7_From_Review_393,-132.0,-122.24472892121781,9.755271078782187
8_From_Review_393,-132.0,-122.24472892121781,9.755271078782187
10_From_Review_393,-138.0,-137.3643371085345,0.6356628914655005
11_From_Review_393,-138.0,-137.3643371085345,0.6356628914655005
4_COOH_6,-119.16,-119.2997257187689,0.13972571876890072
5_COOH_6,-119.16,-119.2997257187689,0.13972571876890072
7_COOH_6,-121.84,-122.2385367647171,0.3985367647170932
8_COOH_6,-121.84,-122.2385367647171,0.3985367647170932
10_COOH_6,-122.19,-121.93864839339699,0.25135160660300926
11_COOH_6,-122.19,-121.93864839339699,0.25135160660300926
13_COOH_6,-122.88,-123.04650583541262,0.16650583541262165
14_COOH_6,-122.88,-123.04650583541262,0.16650583541262165
16_COOH_6,-123.0,-123.01139297795952,0.01139297795951677
17_COOH_6,-123.0,-123.01139297795952,0.01139297795951677
19_COOH_6,-126.27,-126.74920170598665,0.4792017059866538
20_COOH_6,-126.27,-126.74920170598665,0.4792017059866538
22_COOH_6,-80.95,-80.90892292710913,0.04107707289087159
23_COOH_6,-80.95,-80.90892292710913,0.04107707289087159
24_COOH_6,-80.95,-80.90892292710913,0.04107707289087159
9_From_Review_319,-72.0,-73.32037278073162,1.320372780731617
10_From_Review_319,-72.0,-73.32037278073162,1.320372780731617
11_From_Review_319,-72.0,-73.32037278073162,1.320372780731617
0_From_Review_209,-46.0,-69.04887296405529,23.048872964055292
2_From_Review_209,-46.0,-69.04887296405529,23.048872964055292
9_From_Review_209,-46.0,-50.58158135986433,4.58158135986433
10_From_Review_209,-46.0,-50.58158135986433,4.58158135986433
0_From_Review_426,-80.8,-80.84194951745812,0.04194951745812148
2_From_Review_426,-80.8,-80.84194951745812,0.04194951745812148
3_From_Review_426,-80.8,-80.84194951745812,0.04194951745812148
5_From_Review_426,-124.8,-118.96524410632816,5.83475589367184
6_From_Review_426,-124.8,-118.96524410632816,5.83475589367184
8_From_Review_426,-115.0,-122.63915516993218,7.639155169932181
9_From_Review_426,-115.0,-122.63915516993218,7.639155169932181
11_From_Review_426,-185.8,-172.5298014166056,13.270198583394404
13_From_Review_426,-72.0,-78.27320734151702,6.273207341517022
14_From_Review_426,-72.0,-78.27320734151702,6.273207341517022
15_From_Review_426,-72.0,-78.27320734151702,6.273207341517022
17_From_Review_426,-72.0,-78.27320734151702,6.273207341517022
18_From_Review_426,-72.0,-78.27320734151702,6.273207341517022
19_From_Review_426,-72.0,-78.27320734151702,6.273207341517022
7_other_2,-113.85,-109.21061577463581,4.639384225364182
8_other_2,-113.85,-109.21061577463581,4.639384225364182
10_other_2,-121.84,-121.4107422455222,0.4292577544778027
11_other_2,-121.84,-121.4107422455222,0.4292577544778027
13_other_2,-122.04,-120.9977282823609,1.0422717176391103
14_other_2,-122.04,-120.9977282823609,1.0422717176391103
16_other_2,-122.04,-122.60911343350872,0.5691134335087185
17_other_2,-122.04,-122.60911343350872,0.5691134335087185
19_other_2,-122.83,-122.9303663446192,0.10036634461920357
20_other_2,-122.83,-122.9303663446192,0.10036634461920357
22_other_2,-123.76,-123.01139297795952,0.7486070220404883
23_other_2,-123.76,-123.01139297795952,0.7486070220404883
25_other_2,-126.23,-126.74920170598665,0.5192017059866458
26_other_2,-126.23,-126.74920170598665,0.5192017059866458
28_other_2,-80.94,-80.90892292710913,0.031077072890866475
29_other_2,-80.94,-80.90892292710913,0.031077072890866475
30_other_2,-80.94,-80.90892292710913,0.031077072890866475
35_other_2,-113.85,-109.21061577463581,4.639384225364182
36_other_2,-113.85,-109.21061577463581,4.639384225364182
38_other_2,-121.84,-121.4107422455222,0.4292577544778027
39_other_2,-121.84,-121.4107422455222,0.4292577544778027
41_other_2,-122.04,-120.9977282823609,1.0422717176391103
42_other_2,-122.04,-120.9977282823609,1.0422717176391103
44_other_2,-122.04,-122.60911343350872,0.5691134335087185
45_other_2,-122.04,-122.60911343350872,0.5691134335087185
47_other_2,-122.83,-122.9303663446192,0.10036634461920357
48_other_2,-122.83,-122.9303663446192,0.10036634461920357
50_other_2,-123.76,-123.01139297795952,0.7486070220404883
51_other_2,-123.76,-123.01139297795952,0.7486070220404883
53_other_2,-126.23,-126.74920170598665,0.5192017059866458
54_other_2,-126.23,-126.74920170598665,0.5192017059866458
56_other_2,-80.94,-80.90892292710913,0.031077072890866475
57_other_2,-80.94,-80.90892292710913,0.031077072890866475
58_other_2,-80.94,-80.90892292710913,0.031077072890866475
4_COOH_1,-122.45,-118.48133081405206,3.9686691859479453
5_COOH_1,-122.45,-118.48133081405206,3.9686691859479453
7_COOH_1,-83.4,-78.01720353728103,5.3827964627189715
8_COOH_1,-83.4,-78.01720353728103,5.3827964627189715
9_COOH_1,-83.4,-78.01720353728103,5.3827964627189715
9_From_Review_314,-79.0,-80.49532346368018,1.4953234636801795
10_From_Review_314,-79.0,-80.49532346368018,1.4953234636801795
11_From_Review_314,-79.0,-80.49532346368018,1.4953234636801795
14_aromatics_8,-64.44,-70.05098104371382,5.610981043713821
15_aromatics_8,-64.44,-70.05098104371382,5.610981043713821
16_aromatics_8,-64.44,-70.05098104371382,5.610981043713821
18_aromatics_8,-64.44,-70.05098104371382,5.610981043713821
19_aromatics_8,-64.44,-70.05098104371382,5.610981043713821
20_aromatics_8,-64.44,-70.05098104371382,5.610981043713821
0_I_5,-80.95,-81.50815498131047,0.5581549813104658
2_I_5,-80.95,-81.50815498131047,0.5581549813104658
3_I_5,-80.95,-81.50815498131047,0.5581549813104658
5_I_5,-126.25,-123.43421015805296,2.815789841947037
6_I_5,-126.25,-123.43421015805296,2.815789841947037
8_I_5,-122.82,-120.1370879115909,2.682912088409097
9_I_5,-122.82,-120.1370879115909,2.682912088409097
11_I_5,-122.0,-122.26372345516936,0.26372345516935525
12_I_5,-122.0,-122.26372345516936,0.26372345516935525
14_I_5,-121.85,-122.9303663446192,1.0803663446192076
15_I_5,-121.85,-122.9303663446192,1.0803663446192076
17_I_5,-121.0,-122.16165992530921,1.161659925309209
18_I_5,-121.0,-122.16165992530921,1.161659925309209
20_I_5,-113.24,-123.7903475780972,10.550347578097202
21_I_5,-113.24,-123.7903475780972,10.550347578097202
23_I_5,-59.87,-55.603275630398194,4.266724369601803
24_I_5,-59.87,-55.603275630398194,4.266724369601803
5_ether_21,-119.58,-123.39706960797801,3.817069607978013
6_ether_21,-119.58,-123.39706960797801,3.817069607978013
8_ether_21,-89.7,-91.93264680189435,2.2326468018943473
9_ether_21,-89.7,-91.93264680189435,2.2326468018943473
12_ether_21,-88.34,-100.47074231434965,12.130742314349646
13_ether_21,-88.34,-100.47074231434965,12.130742314349646
15_ether_21,-83.72,-82.22541891147122,1.4945810885287756
16_ether_21,-83.72,-82.22541891147122,1.4945810885287756
17_ether_21,-83.72,-82.22541891147122,1.4945810885287756
